model,method,sigma,top3_mean,top3_std,top5_mean,top5_std,spearman_mean,spearman_std,cosine_mean,cosine_std,sign5_mean,sign5_std
hgb,lime,0.0,0.74361244,0.1011772077166592,0.71544,0.09486397278911174,0.68943752,0.11431851159666433,0.88170828,0.03399719643652002,0.89176,0.06789040187439364
hgb,lime,0.01,0.7216915621266353,0.11495445099064186,0.702750141062333,0.10633061867037158,0.5790027617475745,0.21280242751169426,0.6437037651163315,0.32909130754553967,0.8377868222228477,0.11982427444936432
hgb,lime,0.05,0.7155218018707263,0.11472051358692875,0.6994129266128928,0.10666353535895126,0.5564600664252304,0.20668026882938023,0.6345624919267525,0.3162254960532107,0.8269471936331898,0.11965774981174881
hgb,lime,0.1,0.7079495799139112,0.11984369589331399,0.693378067829667,0.11233036556713842,0.539848175130405,0.19816802747775447,0.6309579889585769,0.30245295223616947,0.8170295392727682,0.11738621870548634
hgb,lime,0.25,0.7001348262232082,0.11464415377890735,0.6874459623254981,0.11362973438657617,0.503222572839381,0.21147656982042812,0.6017518211253503,0.32109750296625816,0.7976189617518279,0.12731523764674876
hgb,lime,0.5,0.6892994210246421,0.11492567972070765,0.6826852579210254,0.11491490374815011,0.4674344552763438,0.20685717493981362,0.5724932729213714,0.28057482604329564,0.7803825934077377,0.12527388117718952
hgb,treeshap,0.0,1.0,0.0,1.0,0.0,1.0,0.0,1.0,0.0,1.0,0.0
hgb,treeshap,0.01,0.9367792719789365,0.03855832385291942,0.9456881572810921,0.04285364162609888,0.9599458611032279,0.03906726344188387,0.9754207225223291,0.020852661661824787,0.9869514479464719,0.01562551333183131
hgb,treeshap,0.05,0.8667466141914442,0.0574231029121891,0.887658334593887,0.06746364825274055,0.8974379810997583,0.08671927029790963,0.9380559992353977,0.04496804745211606,0.9640277152794292,0.03881644596446112
hgb,treeshap,0.1,0.8245382371313603,0.06818986279892472,0.8525203161602856,0.07709512259406613,0.8468252246547553,0.11809373893732097,0.9087194916862791,0.06212380149546443,0.9442245481182261,0.054053730917133155
hgb,treeshap,0.25,0.7498425604362099,0.07225971416148869,0.7905032252053732,0.0825539338322198,0.7538436422087602,0.15784346702539462,0.8350288660936315,0.09090587412841823,0.9041335456087556,0.07261373106374248
hgb,treeshap,0.5,0.6844580953151177,0.08409637976178562,0.7362682040308585,0.09026796068053475,0.648773265762278,0.1861138663027907,0.7240103298530627,0.13521467825068167,0.8545393588822175,0.08979268157716325
logreg,lime,0.0,0.7348154,0.051731200632854656,0.7672800000000001,0.0677935100138649,0.7700716,0.10513552998550647,0.86255404,0.084855217909429,0.9244,0.05530220007679021
logreg,lime,0.01,0.715747904,0.06653503571114798,0.754816,0.0794541779895809,0.654562368,0.1889725554971028,0.681339136,0.2848935331577203,0.8682560000000001,0.10982694751289411
logreg,lime,0.05,0.7143989806655648,0.0650948526370803,0.754821774601733,0.0800254419764776,0.6473857862391473,0.1868052156862869,0.6767784198724006,0.27479183292912035,0.8647928298845139,0.1103193440853319
logreg,lime,0.1,0.7058162853294605,0.07290499301466391,0.7492595479864826,0.08535430704584306,0.6342489166219696,0.18373732125264086,0.672820286190199,0.26224753864875006,0.8569277856357418,0.1078984014252593
logreg,lime,0.25,0.6869782015029368,0.08751212604473554,0.7385234869563913,0.09805496843054273,0.6041655113305311,0.19460429018090594,0.6440381613399073,0.2777731014463142,0.8421173946421235,0.11216504176832787
logreg,lime,0.5,0.6716829751617187,0.09640215528051596,0.7318288757269455,0.1060461617500683,0.5707597130455109,0.19630373931658612,0.6192510239741057,0.24529021447511207,0.8261704262389529,0.11050580754381903
logreg,linshap,0.0,1.0,0.0,1.0,0.0,1.0,0.0,1.0,0.0,1.0,0.0
logreg,linshap,0.01,0.9917810518900981,0.007658987788250684,0.9932424361980056,0.005376603397962801,0.9986295250004591,0.0008607361188318715,0.9998798646361945,9.727582579626157e-05,0.9999358797192539,0.0001499141204841042
logreg,linshap,0.05,0.9630759678644982,0.024292970436221327,0.9668746785539512,0.01874699894994949,0.9892435065151295,0.007839641133327139,0.9969271736254072,0.0022768687493416474,0.9988103933052257,0.0017642433037326163
logreg,linshap,0.1,0.9344333170020402,0.03946099581821795,0.9408307967216912,0.030191804498822836,0.9717686917346147,0.019588954526424826,0.9881905337367748,0.008739436283495198,0.9939131562773388,0.006574333565101312
logreg,linshap,0.25,0.8657640370589273,0.07525643116566434,0.8834341282684336,0.060986160616478546,0.9199527022448377,0.05053151353545852,0.9474744975032893,0.0354224690905793,0.9776859692335469,0.017783216689990326
logreg,linshap,0.5,0.7858033435732107,0.10383156378946448,0.8213730829789873,0.09576050957459853,0.8390706786157803,0.09103000083340582,0.8638871643280907,0.07917488641217588,0.948394719041384,0.030197535795978676
mlp,ig,0.0,1.0,0.0,1.0,0.0,1.0,0.0,1.0,0.0,1.0,0.0
mlp,ig,0.01,0.9893259778620148,0.005500912052180703,0.9881005099002041,0.005286493811626269,0.9965472665289387,0.0031443000066429055,0.9997895973074604,0.00016272691711825897,0.9998398798317355,0.0003831931644980351
mlp,ig,0.05,0.9545519948657487,0.021506600416339467,0.9522557743696748,0.01872588041463945,0.9828426081891014,0.012713596641223027,0.9961740537668295,0.002655274564187367,0.9981985949099534,0.0034964611640223475
mlp,ig,0.1,0.916521098701901,0.032887100818455306,0.9181325593895302,0.03310919696648794,0.9603743126140881,0.027135385090655512,0.9867668537244443,0.008720901865685481,0.9931589865841005,0.009694643698910953
mlp,ig,0.25,0.8214824467980231,0.06905295213307215,0.84041935111351,0.06802462972232336,0.8875589941670605,0.06992534220621123,0.9386921647911818,0.03649196392945174,0.9739379161167178,0.024229701159628556
mlp,ig,0.5,0.7037359118770766,0.10265583468008578,0.7540208474889367,0.10255131339240214,0.7761490040838147,0.12006636831645186,0.8337771236441738,0.08207191816939975,0.9332872155956842,0.049040638893566336
mlp,lime,0.0,0.74761388,0.06476765858520749,0.7432000000000001,0.07312546296149745,0.7903971599999999,0.07974552415949959,0.8746844,0.06736725971432014,0.9365600000000001,0.03678097334220505
mlp,lime,0.01,0.7228119617670683,0.08280131806921062,0.729029140562249,0.09040773132088312,0.6737651102971887,0.1594739654706646,0.7043698840803212,0.2300044085773839,0.8880632289156627,0.07153467906435437
mlp,lime,0.05,0.7154687133648087,0.08045358268823206,0.7263897047360023,0.09013499137935219,0.6657838928804343,0.15694451479728733,0.7007867011321162,0.22314575949820023,0.8839827056446647,0.07162856085346277
mlp,lime,0.1,0.7061244315430829,0.08040374337973875,0.7219084470499384,0.09076984580521412,0.6543612983894326,0.15855652842357404,0.6964884414055752,0.2152229745137415,0.8762794088374674,0.07416630846349737
mlp,lime,0.25,0.6992124721413042,0.0827190365364977,0.714159777464435,0.09827736717660487,0.6319010248969199,0.16581504010875076,0.6752362046295608,0.21919295819339565,0.8677601924667279,0.0779392707522011
mlp,lime,0.5,0.6818901884022887,0.08963824120058335,0.7070663821442653,0.10346631634998464,0.5976986882109523,0.17837952076045918,0.6433715369770079,0.2057663467024833,0.8480744169349564,0.08446376685150622
rf,lime,0.0,0.8020146,0.059904964170342336,0.79896,0.06933762807211298,0.7968599199999999,0.09119708891092232,0.91910892,0.04125222982550963,0.95624,0.023925718380019483
rf,lime,0.01,0.7730377564690785,0.08065541948623003,0.7887932143513852,0.07960914500625886,0.676644731413961,0.17228011878031654,0.7088906719530452,0.2627872558249397,0.8978112677554247,0.07363215800983974
rf,lime,0.05,0.7666034050203835,0.07766703090940485,0.7867011116219428,0.079966270724719,0.6627841295923327,0.17072684532771312,0.6968940659327048,0.256318349321102,0.8896563943871431,0.0761298658124617
rf,lime,0.1,0.7592928835856021,0.0770781712764202,0.782504410786186,0.08133259962587758,0.6428602064940887,0.17444296863517544,0.6863379509524452,0.24863889028897873,0.8802545847358891,0.07915462528386193
rf,lime,0.25,0.7506863681140382,0.07458472091009213,0.7751232353893571,0.08058003979594809,0.6182538069106323,0.17920159085800116,0.6698327305590079,0.256627080225662,0.8697284967064342,0.0831018645868362
rf,lime,0.5,0.7327901062278014,0.0723526759740664,0.7654631916303631,0.07805331144236966,0.5842460595166551,0.19213227443182404,0.6438367913562599,0.2565491709244404,0.8521987091126243,0.094016405016288
rf,treeshap,0.0,1.0,0.0,1.0,0.0,1.0,0.0,1.0,0.0,1.0,0.0
rf,treeshap,0.01,0.9680030072452468,0.03089914565445004,0.9675787919171196,0.032587855429168845,0.9809404080500209,0.023544376489875153,0.9938166092909263,0.007667275601845488,0.9932120868900843,0.010799726854048586
rf,treeshap,0.05,0.9266666793693719,0.06121456411627393,0.9315132055485883,0.05761072785095214,0.9456532030775684,0.0607315609296195,0.9734988234912225,0.031087553272053123,0.9817972829902079,0.02765466155427925
rf,treeshap,0.1,0.8908235896877094,0.07550927847038308,0.9028891683880857,0.06994239681547003,0.9115520704571929,0.08671687846340854,0.9485907400440907,0.053151244636037535,0.9716701373092919,0.03824330690241224
rf,treeshap,0.25,0.822055321360967,0.09120741908744365,0.8481429737924251,0.07595635429435516,0.8401127053670401,0.12486289851183725,0.8906060281898479,0.08996534772453772,0.9497399874045678,0.05362390630366529
rf,treeshap,0.5,0.7503908898090682,0.10714078264237335,0.7933992655553455,0.08195859662146829,0.7526739315743679,0.15612478045889974,0.800359351341969,0.13363592152404327,0.9144440257573828,0.07055581981938369
