ds,model,method,sigma,top3_mean,top3_std,top5_mean,top5_std,spearman_mean,spearman_std,cosine_mean,cosine_std,sign5_mean,sign5_std
adult,hgb,lime,0.0,0.6480159999999999,0.019091461245803052,0.6396,0.022908513701242177,0.5156478,0.04604628329952373,0.8390108,0.020722920503635542,0.7752,0.027444489428663097
adult,hgb,lime,0.01,0.6385550433380367,0.027601054759489495,0.6339695625881878,0.016564836743113737,0.22689084898877915,0.05038935022578871,0.07287392981925687,0.05829559149319178,0.6214494725525768,0.03855363836400788
adult,hgb,lime,0.05,0.6412732155164822,0.03323828507433827,0.6360270700072292,0.016384569440846507,0.2226422927079521,0.0352783429908355,0.0966311668141522,0.04509755204194263,0.6193133883086384,0.01673023833656951
adult,hgb,lime,0.1,0.6367882197322379,0.029175794333627218,0.6325718868032922,0.014467102853974923,0.23591423721004684,0.035366891689798084,0.11884405467048118,0.019228968127043274,0.6290332013242288,0.02364554885049997
adult,hgb,lime,0.25,0.6377027072117654,0.02806530713768443,0.6321337879740915,0.012762037362933487,0.19173020038123734,0.05111408379141797,0.05092267171592596,0.03070043315586684,0.6045441628516726,0.03521794693600908
adult,hgb,lime,0.5,0.6313183773463191,0.0327467415833289,0.6294162183805346,0.021163307345706532,0.21814265150093984,0.058110426726497584,0.1537796427774338,0.049057270862872975,0.6182250538499469,0.04025542082325728
adult,hgb,treeshap,0.0,1.0,0.0,1.0,0.0,1.0,0.0,1.0,0.0,1.0,0.0
adult,hgb,treeshap,0.01,0.9443672218245958,0.007019088032786852,0.9815182483081344,0.003398938020749777,0.9924213800958441,0.002550602437639115,0.9789386242871909,0.008260602224297284,0.9992158989302654,0.0005189521240609798
adult,hgb,treeshap,0.05,0.8689590042239163,0.009041227817910434,0.9462279048393165,0.0061422719031978155,0.9684988577028116,0.0074003645679557774,0.9488745509418761,0.01698554425452378,0.9952570631431884,0.0017551320294472124
adult,hgb,treeshap,0.1,0.850520614581052,0.005692438498114676,0.9256868950023577,0.009372439760043021,0.9494848992436905,0.013009753143962324,0.9410805135904343,0.018488314867649947,0.9908829987952151,0.003555243392183881
adult,hgb,treeshap,0.25,0.7790877851089967,0.009905822686282506,0.8614614596789029,0.011022284926178192,0.9016529259398641,0.01748933723800614,0.9028852732668657,0.022828019211625146,0.9746185242281215,0.004463576064200625
adult,hgb,treeshap,0.5,0.7172830728384906,0.012050295510528079,0.8009283377674509,0.015867251632266672,0.8162094883116389,0.020284390858224782,0.8273656556548513,0.014057487006196334,0.9379909256025369,0.008522844287350883
adult,logreg,lime,0.0,0.6793473999999999,0.01706432630665502,0.712,0.026720778431774776,0.6649494,0.04767442837412946,0.7860737999999999,0.0444043346498965,0.8475999999999999,0.031221787264665023
adult,logreg,lime,0.01,0.67388056,0.02173844034258211,0.6952,0.01326649916142164,0.34011472,0.03158423666881945,0.16034895999999998,0.043610766788581,0.67104,0.01882466467164823
adult,logreg,lime,0.05,0.6843493633124063,0.021967600653681706,0.7056742326350925,0.009694277123143894,0.34419226350438586,0.04569786738221692,0.17780795287615953,0.057545810638601015,0.6710423905873321,0.022061405722778343
adult,logreg,lime,0.1,0.6747258176482867,0.023223600197445973,0.6981597855441618,0.013623255504606217,0.34780850256189966,0.03197264469445363,0.1995662252287195,0.027767061046232458,0.6762189255913559,0.023902251357403502
adult,logreg,lime,0.25,0.6857349843346159,0.019829051915782846,0.6972320293418746,0.012555707836892646,0.3231435549200802,0.03258598170291845,0.14462275238311711,0.02501933048071646,0.6668691132755115,0.02040099095887427
adult,logreg,lime,0.5,0.6814422106356259,0.021963225364114054,0.6881959711146733,0.010303151051328997,0.3419172526014154,0.03189701700061706,0.2251309800873414,0.048958091642690195,0.6770059542731661,0.018887075109324487
adult,logreg,linshap,0.0,1.0,0.0,1.0,0.0,1.0,0.0,1.0,0.0,1.0,0.0
adult,logreg,linshap,0.01,0.9785159273973157,0.0019607126454869793,0.9853414805575937,0.0006316268705460818,0.9986278602869618,5.378408937328716e-05,0.9998524107461535,8.031346405501045e-06,1.0,0.0
adult,logreg,linshap,0.05,0.9329542978050501,0.005074464958425236,0.9445776446524146,0.0029506849840206183,0.9922498665860008,0.0002795485697683451,0.9961914328065792,9.192640103632753e-05,0.9991460488053893,0.0005639955833662564
adult,logreg,linshap,0.1,0.8999067199503218,0.0032836301016745018,0.9246841202061071,0.002067759726659578,0.9713046792465461,0.001629531326166438,0.9860002590532776,0.0008082366371908333,0.9869582486490238,0.0012889968968269846
adult,logreg,linshap,0.25,0.8361820389488892,0.0019132032297451088,0.9001927246170031,0.004136550184252753,0.903992737201464,0.0041699244335083,0.9311822957775956,0.0027353431794250953,0.9572561947572327,0.002636233133320506
adult,logreg,linshap,0.5,0.7636185705675145,0.005019175323287201,0.86326428160579,0.002162170531671068,0.8326098331235412,0.0016674915792431917,0.8262212207377161,0.004858867606812558,0.9390208575614805,0.002606974068157495
adult,mlp,ig,0.0,1.0,0.0,1.0,0.0,1.0,0.0,1.0,0.0,1.0,0.0
adult,mlp,ig,0.01,0.9927102482315963,0.002357597083868052,0.9888029516594627,0.0021377851543026875,0.9982059191309027,0.0002968649298156224,0.9998660268257995,9.104323175361089e-06,1.0,0.0
adult,mlp,ig,0.05,0.9643285479999715,0.006475457575339621,0.9519637482314861,0.0027803382341186123,0.9898020698331977,0.0012517709356758971,0.9970266534186563,0.00015614683769923037,0.9999191510657639,0.00011070698613458833
adult,mlp,ig,0.1,0.9306751493370846,0.008077437861563985,0.923092421440276,0.0035924076631285965,0.9702928480428168,0.0018390172060814322,0.9891397930865221,0.0004014113672502153,0.9950398337309485,0.0013153010666670374
adult,mlp,ig,0.25,0.8424401088361044,0.008754454318442316,0.8725734728408756,0.00877566630291009,0.9018242319877556,0.005881858805764087,0.9424555083577617,0.0036793909534351297,0.9762918850940174,0.0026061010234345763
adult,mlp,ig,0.5,0.717332711209116,0.01586120732041745,0.8095141671745733,0.015136929417450238,0.8119499131952237,0.01055188985608304,0.8376912715605431,0.007488099880988723,0.9539953374487766,0.003968923593608133
adult,mlp,lime,0.0,0.7133512,0.022236244201753148,0.714,0.043174066289845846,0.779463,0.05165818091551423,0.8351518,0.056097974662192594,0.9259999999999999,0.03159113799786263
adult,mlp,lime,0.01,0.7080176,0.02059115669019106,0.71072,0.046003825927850836,0.48310928,0.054724944475001494,0.34146688000000003,0.07393051099263416,0.77936,0.03007936169535517
adult,mlp,lime,0.05,0.7071162426246922,0.026518777806177188,0.7153329187718617,0.04533082651525439,0.48941839501748935,0.0568467637807132,0.3577995735846612,0.0958048876563949,0.7808039020598523,0.02968620672821771
adult,mlp,lime,0.1,0.7047816301829559,0.02723796340715688,0.7082368421689702,0.041153594749199364,0.48725099333664607,0.05416568511845431,0.371259720257695,0.07510709884243036,0.7805303926159283,0.030604663117736616
adult,mlp,lime,0.25,0.7095071499822613,0.02574074647485025,0.7139308891789594,0.04309038772365854,0.4692433019714489,0.055711110017264316,0.33602611247689873,0.07179759682490754,0.7750385779686607,0.03402130994898608
adult,mlp,lime,0.5,0.7058280149666221,0.028028221536243236,0.7049942119497702,0.04261604715769329,0.4762955355092404,0.06332305702270734,0.3800352101736379,0.07997557180866395,0.781247672005471,0.032685995520969804
adult,rf,lime,0.0,0.7380175999999999,0.02062908426954532,0.8016,0.024673872821265826,0.7946988,0.028594980139877647,0.8573945999999999,0.030737568304926105,0.9224,0.014724129855444737
adult,rf,lime,0.01,0.7482857599999999,0.022297634907047885,0.7996800000000001,0.021230920846727327,0.52322456,0.026898434725611806,0.34703672,0.033196203512329533,0.8128,0.012762444906835087
adult,rf,lime,0.05,0.7408709461847389,0.02370680641900409,0.8004530120481927,0.02659802652908087,0.5322372494779116,0.0298090075810177,0.36445854297188757,0.03328083967827374,0.8129702811244981,0.014548003851312533
adult,rf,lime,0.1,0.7402972997880427,0.021130943346356193,0.8010512602731936,0.025060645568036298,0.5282680990677423,0.033659814920214276,0.3793808829997567,0.021996386026466266,0.816585459382771,0.018120818558270736
adult,rf,lime,0.25,0.7449208614350182,0.02339714212900951,0.7972348847122849,0.021445654580138508,0.5043622132250889,0.032625303891901436,0.33679581505107375,0.017849044545958166,0.8014927615253088,0.015238970241325586
adult,rf,lime,0.5,0.7344124032895112,0.024838063937834127,0.7941101210335898,0.023038191840961175,0.509905580412781,0.025821160305217656,0.38270775366745924,0.03012316533362987,0.809051494988559,0.017324581107940322
adult,rf,treeshap,0.0,1.0,0.0,1.0,0.0,1.0,0.0,1.0,0.0,1.0,0.0
adult,rf,treeshap,0.01,0.9904676199999999,0.005639569948763787,0.99512,0.0023731835158705755,0.9993109600000001,0.00025804039993769355,0.9998073999999999,0.00016513922913712664,1.0,0.0
adult,rf,treeshap,0.05,0.984088495332041,0.007762626483635425,0.9869992458763195,0.001490049193628941,0.9965199746463573,0.00043460178304371977,0.9993960047312381,0.00014561353451798736,0.9999597989949749,8.98921799999961e-05
adult,rf,treeshap,0.1,0.9730506283471853,0.005944953118362597,0.9765716886942073,0.00240273221627036,0.9903723412416772,0.0008808790527183435,0.9976166455261384,0.0005032235337161297,0.9993958899252707,0.0004708363192897449
adult,rf,treeshap,0.25,0.9301760469466853,0.004760323554066947,0.9291354703474515,0.0026993681832016055,0.9612182390210947,0.0029841869818924673,0.9837860426269589,0.002307222388137485,0.9940209323936241,0.001375548982296146
adult,rf,treeshap,0.5,0.8707646514180153,0.010790919837894108,0.8705700724982541,0.006814638804967303,0.8985126831329122,0.00509726001394577,0.9233040477426142,0.0047496404440208395,0.9741655345246321,0.0050350424548318085
bank_marketing,hgb,lime,0.0,0.8866776,0.020681164336178004,0.8160000000000001,0.012083045973594518,0.6901714,0.022395238071965223,0.8984840000000001,0.020358851428801207,0.9072000000000001,0.009757048734120378
bank_marketing,hgb,lime,0.01,0.8818112077108433,0.02370028532578607,0.8177567871485945,0.014164138898236487,0.6821640151004016,0.014345192443895136,0.8920815065060241,0.01882828413842966,0.9045673895582329,0.007811145364372416
bank_marketing,hgb,lime,0.05,0.875821367939062,0.03007913615726311,0.8172057676494144,0.011291394936128036,0.6760043131260106,0.013977115345150202,0.8904910411964588,0.01875773854671156,0.902268488995816,0.0069295518327069676
bank_marketing,hgb,lime,0.1,0.8760916155361947,0.027428716200906325,0.8148141527845743,0.014092187600540313,0.6747853929391328,0.014779756643296131,0.8894818580997622,0.01858319955179046,0.9053252555736856,0.006983008348439116
bank_marketing,hgb,lime,0.25,0.855409241554905,0.023630252977997663,0.8094785949561347,0.012833796751599767,0.66800105948131,0.01584978098986219,0.8817981796994377,0.020713857834755312,0.9015829107266455,0.010644624303514502
bank_marketing,hgb,lime,0.5,0.8385471566016942,0.02710983492632789,0.8020218575991072,0.013658847268281983,0.6364269874106446,0.010870597554492796,0.8534233086291699,0.026492193368820232,0.884796129938899,0.010655473323695099
bank_marketing,hgb,treeshap,0.0,1.0,0.0,1.0,0.0,1.0,0.0,1.0,0.0,1.0,0.0
bank_marketing,hgb,treeshap,0.01,0.9549749867906764,0.013372378503543005,0.9597496942871308,0.008431246582663528,0.9813669952618562,0.005762099816862068,0.9930939604624545,0.0019840172644319237,0.9986373510836017,0.0008885208112897914
bank_marketing,hgb,treeshap,0.05,0.8939018789963946,0.017547490225700794,0.9052755138619627,0.012724778870377419,0.9430232582546398,0.009991825803145926,0.973613907289373,0.005454621625057422,0.9890236577256166,0.004884430477589864
bank_marketing,hgb,treeshap,0.1,0.841724146240745,0.02497429387176967,0.860839230718965,0.016869644894785204,0.8981337310066726,0.012589051054905317,0.9448567524602256,0.0061987876950660966,0.974166861504807,0.005076113116849418
bank_marketing,hgb,treeshap,0.25,0.7577173281750488,0.03189613519824429,0.7909915266910272,0.01415205552856002,0.8025399647144342,0.021539362959757214,0.8518395710306143,0.009839556139697765,0.9330329784027092,0.0103365461196759
bank_marketing,hgb,treeshap,0.5,0.6867920052758667,0.02714309652204319,0.7374557465420584,0.014382480249450557,0.6943521330710938,0.017830361642863807,0.699470263926403,0.009034602095918052,0.8874098585452881,0.009953829485113195
bank_marketing,logreg,lime,0.0,0.7080168,0.023407254616891807,0.774,0.018384776310850174,0.6943288,0.015176830324544015,0.7522295999999999,0.01332846985966506,0.9067999999999999,0.01487279395406252
bank_marketing,logreg,lime,0.01,0.69974944,0.022218888513334797,0.77488,0.009509574122956289,0.67717184,0.008979954737525137,0.74659896,0.002724341220919326,0.9008,0.008158431221748464
bank_marketing,logreg,lime,0.05,0.70188304,0.0227754339947234,0.77456,0.011598620607641242,0.67587496,0.009125249092928922,0.74555432,0.0025537108904494,0.9022400000000002,0.008642221936516085
bank_marketing,logreg,lime,0.1,0.70081648,0.021819887402825897,0.7761600000000001,0.012829964925906854,0.67390856,0.010055255062304525,0.74279936,0.004306912542413668,0.8988799999999999,0.007191105617358183
bank_marketing,logreg,lime,0.25,0.6866817599999999,0.019137047290739475,0.76912,0.012232415951070302,0.66902072,0.0122343166164686,0.73136064,0.007107319998986962,0.89648,0.0063144279234147995
bank_marketing,logreg,lime,0.5,0.6693184584738956,0.025262567369961297,0.7715039357429718,0.00849545337535166,0.6378243983935743,0.0075299972884902994,0.6918777718875502,0.007684863571049168,0.8808693975903615,0.008910423468769612
bank_marketing,logreg,linshap,0.0,1.0,0.0,1.0,0.0,1.0,0.0,1.0,0.0,1.0,0.0
bank_marketing,logreg,linshap,0.01,0.9980002000000001,0.00023567869016947419,0.99864,0.00032863353450311077,0.9994116,3.8457118976820415e-05,0.99996262,1.6543881044168919e-06,1.0,0.0
bank_marketing,logreg,linshap,0.05,0.9879814950069052,0.0017056837403231677,0.9862978352128768,0.001320561636771517,0.9958373106385581,0.0001668506749814653,0.9988808807004805,2.577981378025782e-05,1.0,0.0
bank_marketing,logreg,linshap,0.1,0.9733550437857096,0.0021499324994595586,0.9702284614421022,0.0021698858131121235,0.9901443454324793,0.0005064989143354074,0.9956436612096763,0.00020480009608102103,0.9992786362275548,0.0003037661158466524
bank_marketing,logreg,linshap,0.25,0.9208570581312605,0.004136970837273205,0.9340863716237301,0.0031032798045461866,0.9651031964225416,0.001320095646756083,0.9749913039961848,0.0009761277643456309,0.9922125516713922,0.0007351312240968732
bank_marketing,logreg,linshap,0.5,0.8580195306627395,0.00564069101317703,0.8982197571478057,0.0022421952230315305,0.907865024309479,0.004497625157256342,0.9106845938708688,0.005908390090034694,0.9666426987556236,0.002366079270881886
bank_marketing,mlp,ig,0.0,1.0,0.0,1.0,0.0,1.0,0.0,1.0,0.0,1.0,0.0
bank_marketing,mlp,ig,0.01,0.992065992012012,0.0010892475091363876,0.9927985985985985,0.002345060578946533,0.9987664734134134,8.947379706406693e-05,0.9999031017817817,1.5960289837876694e-05,1.0,0.0
bank_marketing,mlp,ig,0.05,0.9688443355409266,0.006125007233832907,0.9679801169937624,0.007760784000222553,0.9927118454832714,0.0003132552953789294,0.9978810191761737,0.00010804504241693106,0.9999599198396794,8.962196302604045e-05
bank_marketing,mlp,ig,0.1,0.938892573593985,0.004456590708186612,0.9403573612880743,0.00586436602541903,0.9826228561312546,0.0012920408991809447,0.9921557040769635,0.00046064359440201144,0.9989550481252086,0.0006269320005968874
bank_marketing,mlp,ig,0.25,0.8646666007671427,0.009231774566324898,0.8781991803798916,0.01475126616918593,0.9405151748847589,0.0018450756303783585,0.957485683798064,0.0019700325806115892,0.9903744508533103,0.0009097859277866932
bank_marketing,mlp,ig,0.5,0.7667475981466415,0.017134842052720412,0.8056093101327744,0.015365680934164922,0.8479989909509295,0.00765517319053218,0.8571409112194628,0.010677881966776574,0.9615921277452001,0.005420867792650381
bank_marketing,mlp,lime,0.0,0.7146815999999999,0.07350820593852093,0.7692,0.055183330816470276,0.7368034,0.03119555214770209,0.7828106,0.046467621827461766,0.9112,0.01803330252615982
bank_marketing,mlp,lime,0.01,0.714414,0.06656843698270226,0.76928,0.05941205264927311,0.6907660800000001,0.050815111988777494,0.77033392,0.05861544201003689,0.9041600000000001,0.0250017599380524
bank_marketing,mlp,lime,0.05,0.7127535141935484,0.06870679846722243,0.7687703225806451,0.0586385034014806,0.6862537161290322,0.05314402907564117,0.7673079567741936,0.06021482666525549,0.9036774193548387,0.02444066483986828
bank_marketing,mlp,lime,0.1,0.70961368,0.07088850614840181,0.768,0.05878231026422829,0.6881674400000001,0.05006666042116243,0.7643916,0.061248714865211634,0.9027200000000001,0.024426870450387272
bank_marketing,mlp,lime,0.25,0.6986224789791423,0.0673182479308744,0.7621813291877186,0.0608735940445139,0.6823536689027077,0.04795183748455223,0.7527628287912942,0.06131616111676169,0.9031119885995595,0.021836598414840265
bank_marketing,mlp,lime,0.5,0.6774578786937047,0.07119063313672833,0.7658039421316494,0.06199231139674601,0.6518224160999244,0.05185129020578253,0.7041450718508818,0.07389048219871483,0.88431599870713,0.027721128114362382
bank_marketing,rf,lime,0.0,0.8953436,0.018647186337354023,0.8672000000000001,0.010059821071967382,0.7496748,0.016079642570654355,0.9407650000000001,0.013262015928960402,0.9512,0.00944457516249411
bank_marketing,rf,lime,0.01,0.89734344,0.021247924953933774,0.8668800000000001,0.008552894246978601,0.74219064,0.0069744076026570425,0.9400592,0.012746234800912753,0.95136,0.008027951170753328
bank_marketing,rf,lime,0.05,0.8962768000000001,0.020961622156693876,0.86384,0.010282412168358155,0.73889184,0.010054749849101164,0.9393567199999999,0.012364736967360075,0.95056,0.009689582034329408
bank_marketing,rf,lime,0.1,0.8885443199999999,0.017901779507970724,0.86304,0.0077851140004498165,0.73498232,0.008611669452086506,0.9376324,0.013917351529655304,0.9489599999999999,0.010328988333810777
bank_marketing,rf,lime,0.25,0.8736124799999999,0.016953220421854938,0.8512000000000001,0.006092618484691116,0.7263516799999999,0.01010888033127309,0.9325941600000001,0.013336067944038032,0.9441600000000001,0.010960291966913999
bank_marketing,rf,lime,0.5,0.8509478400000001,0.01814360303930837,0.8334400000000001,0.006484442921331024,0.69950128,0.014921776734424031,0.91403648,0.017229137766934226,0.9336,0.013230268326832998
bank_marketing,rf,treeshap,0.0,1.0,0.0,1.0,0.0,1.0,0.0,1.0,0.0,1.0,0.0
bank_marketing,rf,treeshap,0.01,0.99126754,0.0036389278212132993,0.99164,0.002430637776387099,0.99813472,0.0001161983519676645,0.9997926400000001,5.343143269646824e-05,1.0,0.0
bank_marketing,rf,treeshap,0.05,0.9651368,0.003876897404497586,0.9664400000000001,0.004222321636256514,0.9872426799999999,0.001287877989950893,0.9944139,0.0016062481019443909,0.99932,0.000414728827066511
bank_marketing,rf,treeshap,0.1,0.9226390576376376,0.009938674335471315,0.9318317382709342,0.005825379144114346,0.9602547511795212,0.003100731839173361,0.9748839806604594,0.007189348775772157,0.9966350998234415,0.0017081519158996508
bank_marketing,rf,treeshap,0.25,0.8248933088314996,0.013708871330501577,0.8522266962248105,0.009050544872609229,0.8844025375924971,0.006678762072538283,0.9032461640684014,0.013880880402153083,0.9836545693135463,0.003734666810010799
bank_marketing,rf,treeshap,0.5,0.7306232929290388,0.01807661811048212,0.781260631170527,0.009824467658058592,0.7934102143665187,0.010326107489792872,0.7947225411579794,0.017710608321731342,0.9591538020973616,0.005104935004211537
ccdefault,hgb,lime,0.0,0.6760075999999999,0.0518772258201998,0.5804,0.02165178976435896,0.6426108,0.01732838592310317,0.8793352000000001,0.005310442608672128,0.9236000000000001,0.017111399708965937
ccdefault,hgb,lime,0.01,0.593820258485221,0.017569406196924483,0.5410893018310551,0.015230182498881643,0.46928743269871676,0.020162099738144073,0.5024506586138938,0.017740997374734554,0.8465936495298599,0.006400625547689252
ccdefault,hgb,lime,0.05,0.5780704008922215,0.02610276063960619,0.5318840700717737,0.01639466779230466,0.43598865716506896,0.017038485279874265,0.4782771856564813,0.05006469321043129,0.8296118996772588,0.018983155455686122
ccdefault,hgb,lime,0.1,0.5597966390179892,0.021653278786549955,0.5142121694884926,0.005686452618404321,0.4084338221469137,0.02362058254710941,0.47752204904491097,0.039513425136369185,0.807709314651011,0.015274706299243128
ccdefault,hgb,lime,0.25,0.554251340764538,0.030108820944356733,0.5021465273051742,0.010614747999082873,0.35559540366209547,0.0204116631339063,0.45524489235312204,0.026462401307523954,0.7845828638252208,0.012560130774289732
ccdefault,hgb,lime,0.5,0.5325068844794495,0.02264755148398102,0.4939927997690513,0.018367303805005203,0.2727194524724724,0.015727137559377557,0.3654883129280001,0.05484738339220933,0.7305334409806437,0.019672354046661508
ccdefault,hgb,treeshap,0.0,1.0,0.0,1.0,0.0,1.0,0.0,1.0,0.0,1.0,0.0
ccdefault,hgb,treeshap,0.01,0.8907278553785192,0.0046266891073331075,0.8869976095409561,0.004552035910460196,0.9165662983431847,0.004341576443511802,0.9460023435332676,0.004763964112901576,0.9690227076363662,0.0015809716392570683
ccdefault,hgb,treeshap,0.05,0.7947354545257614,0.015282530070364396,0.784098426777732,0.011943006258620978,0.813942713165005,0.005823919930267919,0.8969627331673464,0.006122382248383493,0.9392494404388911,0.003183917872915771
ccdefault,hgb,treeshap,0.1,0.7293763274529692,0.02031750010891075,0.7280232646729283,0.011960689959916457,0.7268409589980502,0.005244440945921441,0.8433307497976102,0.012501495814036114,0.9080562580517393,0.004502045924489596
ccdefault,hgb,treeshap,0.25,0.6417972457233156,0.0260840342734652,0.6471427254128937,0.017398887545989294,0.5760020905679488,0.014482451737663342,0.7128298081945946,0.022034722730723294,0.8461926581025099,0.0032883250845477606
ccdefault,hgb,treeshap,0.5,0.5483893243215686,0.019093735268357198,0.5719446089350644,0.016249991096940274,0.42073365726699785,0.01217817299543964,0.524348356633533,0.027155604525509188,0.7712060807256663,0.006328188034174733
ccdefault,logreg,lime,0.0,0.7073468,0.024766314626928215,0.6936,0.01538830724933712,0.7462302000000001,0.01027632887757099,0.8937341999999999,0.004618710772499159,0.9683999999999999,0.00993981891183132
ccdefault,logreg,lime,0.01,0.6357434399999999,0.025550209994596947,0.65104,0.012539856458508605,0.6196017599999999,0.011687633415195721,0.66839744,0.012734319551825288,0.9092800000000001,0.005559856113246136
ccdefault,logreg,lime,0.05,0.6280417256121259,0.012953738359459614,0.6429407954398239,0.015133342893646394,0.6064844332167378,0.007667559121450606,0.6581326943256899,0.029038318534418336,0.9061970462495141,0.010656600659803096
ccdefault,logreg,lime,0.1,0.6040720540108365,0.015368131641459457,0.6275468591893703,0.015591090022769765,0.5837766757555392,0.015256034544615897,0.6448592395422224,0.014666521847854018,0.893435344246351,0.011903797365956549
ccdefault,logreg,lime,0.25,0.5464439180452192,0.016511540561737755,0.5847113478661783,0.016641967560259846,0.5238753103350685,0.020813401650980876,0.6108869447810352,0.011945172334693702,0.8644227297102018,0.0034564330938553272
ccdefault,logreg,lime,0.5,0.5155631865451165,0.011513036355275742,0.5625560940869568,0.013559152216094371,0.43131601379712975,0.015858436120573336,0.5147552216037347,0.028162783400699946,0.8202177027222861,0.01677662810581262
ccdefault,logreg,linshap,0.0,1.0,0.0,1.0,0.0,1.0,0.0,1.0,0.0,1.0,0.0
ccdefault,logreg,linshap,0.01,0.9893344,0.0015090799332705433,0.9887599999999999,0.0008414273587185185,0.9976480000000001,6.376170480785863e-05,0.99972998,1.6982844284790457e-05,1.0,0.0
ccdefault,logreg,linshap,0.05,0.9382813632176422,0.0032334865759542945,0.9448075058598361,0.0016964382136921234,0.979153355173174,0.0007788673940256951,0.993434340106773,0.00028134110015235516,0.9993574693523757,0.0003591017546882531
ccdefault,logreg,linshap,0.1,0.8783695483600967,0.0038014755426513266,0.8904421707608282,0.0019487130315816814,0.9447499550450434,0.0024086879294399955,0.9747293672979523,0.0010641718526737886,0.9980196285029255,0.00026500522272505136
ccdefault,logreg,linshap,0.25,0.734702064386346,0.0084694063371922,0.7663302885291109,0.0027957506278669365,0.8471787512243593,0.0020265713691410875,0.8943710609324466,0.0018696514363478836,0.980570277517344,0.0019259583158221186
ccdefault,logreg,linshap,0.5,0.5972083555263543,0.006008471152208845,0.636745296941815,0.0074150671038235635,0.6955318927732534,0.006986003095249773,0.7464049224794195,0.0049682475634202136,0.9225142967964848,0.005074315442243153
ccdefault,mlp,ig,0.0,1.0,0.0,1.0,0.0,1.0,0.0,1.0,0.0,1.0,0.0
ccdefault,mlp,ig,0.01,0.9802686399999999,0.0038539051094960363,0.9800000000000001,0.003466987164671958,0.99581004,0.00028887269341349695,0.99953862,8.905308529187637e-05,1.0,0.0
ccdefault,mlp,ig,0.05,0.9179262125660184,0.009067118442714458,0.9214312402934866,0.00812469802849555,0.9700998354926857,0.0010656377100949927,0.9921073730289068,0.0015688281591554035,0.9996385105224357,0.00026101234840553633
ccdefault,mlp,ig,0.1,0.8585612145076201,0.00990697954636439,0.8591923036584708,0.01056320794778735,0.9241101418524209,0.003808451500133581,0.973100770713498,0.0042426076454969526,0.9970892710042085,0.0009355658768554311
ccdefault,mlp,ig,0.25,0.6948448715103908,0.02551021951735289,0.7131870037807905,0.02088827335829719,0.7768119407997464,0.011162313707659514,0.8786323931499496,0.014987572269359163,0.9724577279757118,0.005306071798611821
ccdefault,mlp,ig,0.5,0.5149755410091341,0.017636421381714798,0.5565794970518019,0.015530018538075806,0.579970832457373,0.01878430562948723,0.7015119801449121,0.026799877793284427,0.8986542165133337,0.016497878735455454
ccdefault,mlp,lime,0.0,0.7073449999999999,0.033286617596265264,0.6364,0.019667231630303206,0.7097548,0.017059024333179212,0.889391,0.0033858352736067664,0.9475999999999999,0.010807404868885052
ccdefault,mlp,lime,0.01,0.6037392799999999,0.02025410090702622,0.57968,0.01734912101519838,0.52477704,0.016575308715315158,0.57121088,0.012614268202000456,0.8761599999999999,0.014863646927991796
ccdefault,mlp,lime,0.05,0.5971178430288897,0.021377281923799594,0.575260142505506,0.01640052736768078,0.5120881787718616,0.01882411544025062,0.5629847353595026,0.029536946932398667,0.8691359036144579,0.015273516319739274
ccdefault,mlp,lime,0.1,0.5885248892772186,0.028593406282083046,0.5700067753107244,0.01978911881813515,0.48886648046022413,0.02613023508350228,0.5518536095674641,0.02167483360820808,0.8497333947413004,0.02428155854247041
ccdefault,mlp,lime,0.25,0.5744065238885508,0.020346445457298277,0.5441414413295237,0.016207493544139265,0.45044126211363,0.021026448923682446,0.5410355779822067,0.0033730653945458497,0.8404226644199314,0.025061356782570193
ccdefault,mlp,lime,0.5,0.5496825362441846,0.014411701308278986,0.5270034292376804,0.017963972103522657,0.3720471066921573,0.025734469088968037,0.46542616979013063,0.030926567732901457,0.7958732782369147,0.029779001671151155
ccdefault,rf,lime,0.0,0.7873474,0.016228555336196784,0.6784,0.01645600194457948,0.6596964,0.012281735353768227,0.8933666,0.0009424597073615896,0.958,0.012727922061357805
ccdefault,rf,lime,0.01,0.6666952369634636,0.016579731429997947,0.6480011440885493,0.01983356962045587,0.4375334352825938,0.009214067275774682,0.452638039541581,0.015242708984824039,0.8160704162993436,0.013032642104691676
ccdefault,rf,lime,0.05,0.67531937104005,0.020707292167892487,0.6435367646963598,0.015529804988418036,0.41495715298200936,0.021089016874066425,0.434004695546682,0.04010252800156704,0.80306845962076,0.02115742644650091
ccdefault,rf,lime,0.1,0.6668598583725108,0.019995351096239324,0.6357005558151683,0.02134122046279387,0.3863954845428739,0.013038255832945194,0.4315049251567026,0.02551656435900226,0.7902728804949739,0.016159798452507684
ccdefault,rf,lime,0.25,0.6586580968778696,0.007872948444483777,0.626941162466415,0.013719440903141845,0.35948978725810293,0.006521976282539571,0.4290251891558684,0.0136779150521488,0.7829502091623304,0.013062663064234849
ccdefault,rf,lime,0.5,0.6507675421509611,0.017774327087844467,0.6209312571469081,0.014980257333166628,0.29339626291683235,0.014662403508083519,0.3537221908328479,0.029828264954229244,0.73614271932339,0.013236035841565054
ccdefault,rf,treeshap,0.0,1.0,0.0,1.0,0.0,1.0,0.0,1.0,0.0,1.0,0.0
ccdefault,rf,treeshap,0.01,0.9260373149552624,0.008185168337989506,0.921068987726841,0.0073348413910643995,0.9650134240361365,0.0023706736312235663,0.9833981025246974,0.0013300186739935145,0.9931955053406991,0.0024715170474679665
ccdefault,rf,treeshap,0.05,0.8614732870584769,0.013094798037894966,0.8431901144771226,0.008764651443900522,0.8961964757419045,0.0015139430688997089,0.94900557179035,0.001676081991554367,0.9798692011572033,0.0015608238897938317
ccdefault,rf,treeshap,0.1,0.8058015211174556,0.015794124651994545,0.788382238614576,0.008593977751211911,0.8270965462553603,0.0033082432740139524,0.902649062926475,0.0053696569642944485,0.9598196689354184,0.002959056268675094
ccdefault,rf,treeshap,0.25,0.702782280452345,0.024583427209829038,0.7167015531887999,0.005244415945234628,0.7008106382132044,0.006655582649345062,0.7958214457370278,0.006908727312855149,0.9167116965645391,0.0034057509258396406
ccdefault,rf,treeshap,0.5,0.5904850816292264,0.01636255892725541,0.6472110681261681,0.008729956324798244,0.5562578618746646,0.00921602236302828,0.6307549656484237,0.010045251876529014,0.845169233434676,0.00896414250490969
credit_g,hgb,lime,0.0,0.6786816,0.025452686092041474,0.7456,0.029236962906567507,0.7937532,0.06123462356951341,0.8663402,0.026420893156742502,0.968,0.015033296378372944
credit_g,hgb,lime,0.01,0.67201328,0.02166481035301258,0.7292799999999999,0.031233827815367092,0.7640884,0.0675559241233513,0.8542280800000001,0.028018931854587197,0.9620799999999999,0.019387418600731687
credit_g,hgb,lime,0.05,0.6749487879058806,0.0217092792999661,0.7339839766536435,0.027757209963807088,0.7661059808966912,0.06746470451180728,0.8563179237677965,0.02740247582717499,0.9642792467923631,0.018340946693835052
credit_g,hgb,lime,0.1,0.6645471204917232,0.01941353780912442,0.7253014872579915,0.034835116062396844,0.7615102814555204,0.0666782034419736,0.8530558815072885,0.02850121290835594,0.960268055522403,0.01892333140264218
credit_g,hgb,lime,0.25,0.6565442680114237,0.013772560023360908,0.7210403857896349,0.03483939654150265,0.7462847738662743,0.07191514581024232,0.8406149098350699,0.03411894671755036,0.9546971685314624,0.021394810531999764
credit_g,hgb,lime,0.5,0.6613600254303351,0.030350531982007486,0.7159913987905238,0.029385461709702007,0.7307621236009578,0.070387934954087,0.8314938559135208,0.026462272772322864,0.9516305635945382,0.023434412110285262
credit_g,hgb,treeshap,0.0,1.0,0.0,1.0,0.0,1.0,0.0,1.0,0.0,1.0,0.0
credit_g,hgb,treeshap,0.01,0.9923271181806046,0.0025868744353370783,0.9932728238398539,0.002800356641700259,0.9979009620489553,0.0007308237002973231,0.999147585800138,0.0001739999765060172,0.9998396791977534,0.00021952848324356493
credit_g,hgb,treeshap,0.05,0.9517649761653209,0.007665542537108632,0.9590803538915793,0.006649161584859428,0.9832496266652487,0.0030018157295660314,0.9911279353153833,0.0029033248635368667,0.9952917059676004,0.0018155365949966134
credit_g,hgb,treeshap,0.1,0.9198225408423486,0.010571720760438767,0.9291465050346993,0.013932749608671389,0.96815136141667,0.00668617876931198,0.9826451708519219,0.005237811916621531,0.9899605226434778,0.0040573216602110855
credit_g,hgb,treeshap,0.25,0.8496369788736093,0.011694921300916305,0.8707132031536979,0.011115678087316241,0.9208411003117313,0.010721606681216153,0.948443349942621,0.012338627343409857,0.9700475046101198,0.008964395022591335
credit_g,hgb,treeshap,0.5,0.7958840437506904,0.014678229519239042,0.8197478898074483,0.009470183609341501,0.8594807763402595,0.011387998142714382,0.9019983686011145,0.019090004477272864,0.9448299565325382,0.010949615336959371
credit_g,logreg,lime,0.0,0.8026838,0.020192124496941886,0.8772,0.011366617790706244,0.9510814,0.005624624102995641,0.9673548000000001,0.004015408534632581,0.9948,0.006260990336999364
credit_g,logreg,lime,0.01,0.81281616,0.016070761372380622,0.8752000000000001,0.006740919818541088,0.9076912,0.0018297664769035531,0.94663592,0.002185699254700891,0.99408,0.003983967871356328
credit_g,logreg,lime,0.05,0.8110233080839487,0.017450115967564864,0.8753552273610572,0.005294501326422264,0.9086459395983935,0.0019279386571208366,0.9464229357144708,0.002568981329520679,0.994707101956212,0.005611855472815968
credit_g,logreg,lime,0.1,0.8122232240024179,0.02045545965187575,0.8750414845850752,0.006314769248579505,0.9059716874543566,0.004561163903896437,0.9455749500162213,0.002609503338303553,0.9924059400788174,0.004605980140784368
credit_g,logreg,lime,0.25,0.8096923701157464,0.02083531691722607,0.8743773997406918,0.00910660787870754,0.9050250560432265,0.0033313301391133155,0.9442017664267643,0.0047348713613446945,0.9934129123112921,0.0029843897593832876
credit_g,logreg,lime,0.5,0.8072702178927893,0.019233610453173774,0.8750365187031139,0.01038672797067309,0.8975434300166686,0.006138033216139315,0.9412911718900423,0.0031995756733179965,0.9940568492510137,0.003935457729116173
credit_g,logreg,linshap,0.0,1.0,0.0,1.0,0.0,1.0,0.0,1.0,0.0,1.0,0.0
credit_g,logreg,linshap,0.01,0.998798985244483,0.0006062869856454646,0.9970773155520251,0.0009784483013006787,0.9996970545252667,2.3722973370434304e-05,0.9999993794190584,2.392007800116047e-07,1.0,0.0
credit_g,logreg,linshap,0.05,0.9882059464103827,0.0015046586959640313,0.9786840535158874,0.0012248613524132568,0.9978313857698948,6.743772028452346e-05,0.9997394360488879,5.1709682626615425e-06,1.0,0.0
credit_g,logreg,linshap,0.1,0.971617028565498,0.0017754287587265613,0.9591225816516419,0.0027499920143957855,0.9952942603180427,0.00012235919721916968,0.9989627850786054,3.247243264312109e-05,1.0,0.0
credit_g,logreg,linshap,0.25,0.932937560503839,0.005887287422447223,0.9111383846762893,0.003262588840114434,0.9846690593837554,0.000506715007220494,0.993829384618852,0.00015910073643833836,0.9999591836734695,9.126808071427357e-05
credit_g,logreg,linshap,0.5,0.8747866793009317,0.0027181613215757515,0.8503254705392169,0.003924440248255286,0.9538175508184177,0.001010006386759456,0.9759003213839705,0.0007023758652458029,0.9962658889012695,0.0010872373743900747
credit_g,mlp,ig,0.0,1.0,0.0,1.0,0.0,1.0,0.0,1.0,0.0,1.0,0.0
credit_g,mlp,ig,0.01,0.9931940644068165,0.001978309944570364,0.9925917353498075,0.0014670974438416233,0.9990772879460185,0.00017561003996793422,0.9999499781217362,2.1780134454871266e-05,1.0,0.0
credit_g,mlp,ig,0.05,0.9729674513605595,0.007396157777942307,0.9705871340544997,0.004618069774965076,0.995703987672085,0.0007935387592456168,0.9991172916099668,0.00025870232638063707,1.0,0.0
credit_g,mlp,ig,0.1,0.9425582384192394,0.016250531016178387,0.9503436763359948,0.0076832682895340565,0.9904509652397027,0.0019511931898719883,0.9969723021417172,0.0007974135933122343,1.0,0.0
credit_g,mlp,ig,0.25,0.880989609203704,0.017298915994460966,0.8910441148824344,0.018404837107234187,0.9687383764514756,0.005982038797111515,0.9847119618936553,0.0037178215130938244,0.9996272390417158,0.0006292298235709348
credit_g,mlp,ig,0.5,0.7983825166022148,0.0269298182630582,0.8173287730836505,0.019492722339919947,0.9193301486717488,0.014030975155056151,0.9488563976971115,0.009385480016837462,0.9921193728225918,0.0033545312093168677
credit_g,mlp,lime,0.0,0.7940138,0.07146830926851422,0.806,0.05247856705360772,0.9211478,0.014594232720496071,0.9450458000000002,0.01409948395154944,0.9908000000000001,0.005761944116355134
credit_g,mlp,lime,0.01,0.7900095688353413,0.0663896326915209,0.7965057028112451,0.049602396240616124,0.8886813114859438,0.020837449246594315,0.9290205404016063,0.012041348405377541,0.9911961445783133,0.0038316471790229467
credit_g,mlp,lime,0.05,0.7900127086436066,0.06626900932435137,0.7920659463661096,0.05343841657059742,0.8888325578520535,0.019705661793600705,0.9291546008265319,0.011415518280293673,0.9913381267003498,0.004755709759932398
credit_g,mlp,lime,0.1,0.7874106222936577,0.06958099430892277,0.7948670598261517,0.05078734756090049,0.8867503611602527,0.019544598652560193,0.9280099846408444,0.011983550484961686,0.9909428173838833,0.0032947330880370826
credit_g,mlp,lime,0.25,0.7910083072166064,0.056943008962047376,0.7908483908100099,0.05443006784699244,0.8817954064403064,0.022017035763888478,0.9253254503935953,0.009628977545549677,0.98938832728767,0.0050818554881280655
credit_g,mlp,lime,0.5,0.7839856142850888,0.06886458197922592,0.785657779528938,0.05321573685400745,0.8744219242185448,0.015067904514061637,0.9206264494790298,0.01028124627275924,0.9878462481393923,0.005028011925876471
credit_g,rf,lime,0.0,0.7693494,0.04462117836072908,0.7956000000000001,0.011081516141756053,0.8996482,0.00820236890782168,0.959835,0.005688633886971442,0.9884000000000001,0.0026076809620810553
credit_g,rf,lime,0.01,0.7538828799999999,0.03793081523236738,0.78208,0.012452790851853234,0.8774675999999999,0.012014986521840134,0.9518429600000001,0.008882608673582346,0.98896,0.004539603506915562
credit_g,rf,lime,0.05,0.75441616,0.03589406665130047,0.78384,0.008340743372146122,0.87829176,0.010601178412233264,0.9513957599999999,0.00813102579801588,0.9896,0.0040398019753447876
credit_g,rf,lime,0.1,0.75254952,0.0385119978275862,0.78304,0.008166272099311948,0.87523768,0.012100583233547084,0.95015512,0.008338331777520021,0.9894399999999999,0.004055613393803753
credit_g,rf,lime,0.25,0.7476621314056224,0.03580008646905498,0.7780568674698796,0.008356919993178722,0.8648407887550201,0.012131281723326316,0.9459082891566265,0.007941797910982634,0.986219437751004,0.004907080941233518
credit_g,rf,lime,0.5,0.7376798948567271,0.03503570760030622,0.7673686658333179,0.007208515901466472,0.8508416838567351,0.009885266901657556,0.9401451278508928,0.008187870797137644,0.9812667877065937,0.003722492797518074
credit_g,rf,treeshap,0.0,1.0,0.0,1.0,0.0,1.0,0.0,1.0,0.0,1.0,0.0
credit_g,rf,treeshap,0.01,0.9948645061121504,0.00251008410426207,0.9925142668044172,0.0019628407392347424,0.9990785399123698,0.00020612209598527912,0.999922285342534,1.4192930244359816e-05,1.0,0.0
credit_g,rf,treeshap,0.05,0.9755590072224465,0.0019010924257708984,0.9734347242020143,0.003876371253619608,0.9947156232555358,0.0005796752425215815,0.9985354934078325,0.00016746320752620937,0.9997195993588779,0.00039038559668734665
credit_g,rf,treeshap,0.1,0.9524508119302606,0.0025509331530518178,0.9527207454714917,0.004654392602478435,0.9883773638623795,0.0006188449765325274,0.9962099081533277,0.000543300590650155,0.999196495725909,0.0005843843331954904
credit_g,rf,treeshap,0.25,0.9077304076733246,0.0032796664861822486,0.9074602085058447,0.005043157228989336,0.9654534034715967,0.00139832747177649,0.9869336774234203,0.0014239889143083358,0.9925204254732065,0.0016454484312685535
credit_g,rf,treeshap,0.5,0.8580571120158428,0.007242814754118388,0.8581571875240499,0.007101226150944963,0.9233853725011187,0.003408319328918687,0.9676915718177413,0.0021095821754568782,0.9765507298059516,0.0036318456310817553
electricity,hgb,lime,0.0,0.8286794000000001,0.015914291479673187,0.7956000000000001,0.014380542409798032,0.8050044,0.030798680130810812,0.9253712000000001,0.006979977700537438,0.8848,0.02032732151563505
electricity,hgb,lime,0.01,0.8222580210990762,0.018230183818340958,0.7916550537438278,0.01674440509489698,0.7525831119499748,0.013505346230502386,0.8968846506424832,0.008014626939681501,0.8542435994735694,0.01896213200572936
electricity,hgb,lime,0.05,0.8074952370999856,0.023321145032225765,0.7779637486824033,0.013121630025885614,0.6815590882304285,0.014801973038654315,0.8510951421988739,0.01235971154049492,0.8192629443918724,0.015621225532599791
electricity,hgb,lime,0.1,0.8025243047914106,0.032929404452534464,0.7799906428139846,0.014941146119534513,0.6185971419004106,0.012799955416026262,0.8158861014704417,0.023944421130332696,0.7828118692925125,0.01832161875654829
electricity,hgb,lime,0.25,0.7967665735734089,0.027527202106294984,0.7724305156024551,0.004297270246876174,0.5545014268059878,0.016711346480233025,0.7801784520231958,0.011933392003215066,0.7426877028241379,0.018755088870896244
electricity,hgb,lime,0.5,0.7827646612654122,0.03653665209013245,0.7720040150659098,0.01355730536088112,0.4791210613967044,0.020530159560877816,0.6582812443587324,0.033136956979962044,0.7167277786746613,0.012886695046666523
electricity,hgb,treeshap,0.0,1.0,0.0,1.0,0.0,1.0,0.0,1.0,0.0,1.0,0.0
electricity,hgb,treeshap,0.01,0.9014991777202871,0.010711065783191906,0.9069024104293856,0.006243737974191273,0.9114736697662987,0.010798074826658175,0.9599210985285949,0.004732706662956288,0.9680416028843728,0.006797175986611954
electricity,hgb,treeshap,0.05,0.8243717570458274,0.020320587530315924,0.8436094735988448,0.006167854616730858,0.7784754497110862,0.0201320722869953,0.8797008694630097,0.01239192535959411,0.9013167091218491,0.009734099127857337
electricity,hgb,treeshap,0.1,0.781247556539687,0.02223062080033092,0.8189056853724775,0.006918062548018228,0.6915151726086932,0.016295424093520656,0.8316842717312027,0.007544226518996733,0.8580560995958907,0.009088396208527054
electricity,hgb,treeshap,0.25,0.7209734643000791,0.01291766882805289,0.7822072110903442,0.0055093039481547736,0.5681821295098229,0.025233760811306776,0.7591463280334618,0.016633664815635475,0.7967760627003176,0.01140893192659858
electricity,hgb,treeshap,0.5,0.6739420303889719,0.028570442092008715,0.7512644371022701,0.010224546474992801,0.45309027382140005,0.02860093049370005,0.6668690044494119,0.026439926782040855,0.7312599730050577,0.010982320539178135
electricity,logreg,lime,0.0,0.7766822,0.023687526035869558,0.7796000000000001,0.01424078649513433,0.7937682,0.018104678351188667,0.9133777999999999,0.01779444340798559,0.9044000000000001,0.011865917579353066
electricity,logreg,lime,0.01,0.75654992,0.017703288389223065,0.77776,0.01508800848356066,0.72823232,0.020132787088528063,0.8847144,0.020210608467831914,0.86608,0.007951855129465035
electricity,logreg,lime,0.05,0.7466974663193435,0.018155344494444507,0.7755786175726914,0.009321038232173201,0.7017313348762195,0.010797804513865765,0.8559741964456823,0.01759790181549495,0.8497776106295107,0.010813753288841708
electricity,logreg,lime,0.1,0.7372438509857618,0.025568325031524383,0.7693896106138055,0.010492608612322197,0.6597791573380523,0.01904290183067727,0.8313016561638319,0.013471010990434072,0.8236987182621845,0.00759708979507845
electricity,logreg,lime,0.25,0.7063379750191022,0.022421330682461563,0.7671766578332113,0.007124185596349806,0.5997629153542802,0.019151493418330005,0.7891187031086196,0.022307735820709863,0.7894022179136124,0.014715570842273524
electricity,logreg,lime,0.5,0.6848208022611668,0.01867578024924946,0.7618518589870116,0.008853716533581073,0.545197470418766,0.012550648653687609,0.7231999744018598,0.013948840642077036,0.7587022273579367,0.00413091496665167
electricity,logreg,linshap,0.0,1.0,0.0,1.0,0.0,1.0,0.0,1.0,0.0,1.0,0.0
electricity,logreg,linshap,0.01,0.9942557468086918,0.0006419065090727635,0.9963933848804091,0.0009579210908433533,0.997763110190067,0.0003233238994436414,0.999854933015761,1.4269883786769196e-05,0.9996793985962695,0.00017905362618254083
electricity,logreg,linshap,0.05,0.9679567368825109,0.001540598800729252,0.9800063535287407,0.001507437057197705,0.9811456144080195,0.0009867885761907643,0.9963897784643155,0.0002678833271951631,0.9955484483683634,0.000935451396701167
electricity,logreg,linshap,0.1,0.9489182443485753,0.002606788410341265,0.9596766495477768,0.002606256813894073,0.9573502186309621,0.002662354815334592,0.9856165960443619,0.0010806539941060373,0.9853092680071895,0.001064739311206149
electricity,logreg,linshap,0.25,0.9041414633243013,0.003627673667999434,0.9054228718960349,0.0026680133842357113,0.8988197669920688,0.0041145170157978255,0.9429984421913676,0.001518867316270976,0.9584316385482966,0.002611833884807291
electricity,logreg,linshap,0.5,0.8353835818085134,0.004572245728865063,0.8583106086603083,0.0015679023645525883,0.8055290920542102,0.00767104653926544,0.8602247631684786,0.008020650949887456,0.9175298531920614,0.0036527618690265413
electricity,mlp,ig,0.0,1.0,0.0,1.0,0.0,1.0,0.0,1.0,0.0,1.0,0.0
electricity,mlp,ig,0.01,0.9883909446596496,0.0031635881401543896,0.9863092638931515,0.0019965102174374716,0.9908766121543587,0.0007989145822436286,0.9996902598079844,5.922405551538941e-05,0.9991993991586776,0.0004899594889192263
electricity,mlp,ig,0.05,0.9486934268612675,0.006356130398935267,0.9493166322751396,0.0045762926145015,0.965895302464267,0.003915649964670739,0.994737931600444,0.0010531558968270827,0.9914753931218883,0.0015921621361006189
electricity,mlp,ig,0.1,0.9119183176515762,0.009639820078399648,0.9176770342248346,0.00846044878847394,0.9343947518042459,0.00588236965489852,0.9824656986035201,0.0026854246798950843,0.9747107800601368,0.0033577976663622918
electricity,mlp,ig,0.25,0.8244710436727732,0.01157436255881637,0.8470929836835573,0.011116864021870359,0.8499052467115662,0.006173523440884153,0.9301752767564787,0.005290948669337852,0.9309382776188334,0.0016727756060647444
electricity,mlp,ig,0.5,0.7212411924182771,0.018305352508987797,0.7810724900018833,0.013590095415999476,0.7214951351437989,0.015924085245610287,0.8236850575988397,0.01370979562888723,0.8600750234485192,0.006162470723411966
electricity,mlp,lime,0.0,0.8086777999999999,0.02920988998952239,0.7904,0.012280065146406954,0.8048168,0.022627269691679514,0.9210227999999999,0.00813969435544111,0.9072000000000001,0.02816380656090368
electricity,mlp,lime,0.01,0.7978793599999999,0.026272919089587326,0.7889600000000001,0.011276879000858343,0.7814918399999999,0.022760860724673853,0.9098172,0.01159574220824178,0.8894400000000001,0.01919499934878875
electricity,mlp,lime,0.05,0.7703432583333061,0.015783691484577117,0.7805191934558885,0.01120469936778534,0.7523266166317348,0.022534978871856976,0.8866866391156918,0.01582374646105975,0.8749581764938249,0.0217574390832846
electricity,mlp,lime,0.1,0.7402913359615825,0.018420681199682976,0.7684315579438457,0.014967331704264952,0.72077121699004,0.027302317094202645,0.8669272925618718,0.02180390668530284,0.8574704394462243,0.027904311196943095
electricity,mlp,lime,0.25,0.72251790063996,0.03725893134586,0.7596968368159634,0.014284598515184172,0.6756714850565063,0.027760877601601817,0.821031053503809,0.025477536960406957,0.8308394040578181,0.026838903304410067
electricity,mlp,lime,0.5,0.6924968978218435,0.04058309242766928,0.7518725478732884,0.0184743341180273,0.6139064585348948,0.03932396280451751,0.7466247835913591,0.028745237387384916,0.7910888875858745,0.030760152313526783
electricity,rf,lime,0.0,0.820015,0.022109789223328152,0.852,0.01462873883832784,0.8805814,0.018235653903822514,0.9441834,0.004688736002378466,0.9612,0.013007690033207288
electricity,rf,lime,0.01,0.7989814653819293,0.02920420767154717,0.847324927668377,0.008152875870174572,0.8028074217872113,0.0226354545514892,0.8528764402236451,0.022732856937356424,0.9198659224777803,0.012219736455999572
electricity,rf,lime,0.05,0.766133747877129,0.032028681216375275,0.8418357813651612,0.011799884915959126,0.7495426455017424,0.023654849551778937,0.7952546111449544,0.013672698002081209,0.8920832311904568,0.012346372474417824
electricity,rf,lime,0.1,0.748213419767457,0.0277977760896387,0.8296902378425681,0.014799029460195361,0.689417448859827,0.04012433483594636,0.7330164266057666,0.04378802013034715,0.8560145838017009,0.012456925671538478
electricity,rf,lime,0.25,0.7285782708516807,0.03255507174807185,0.8221832622982064,0.01146895119553098,0.6362245653149496,0.019843594988181758,0.7048401994314715,0.012740572613494875,0.8338200750935275,0.012478608446017867
electricity,rf,lime,0.5,0.6901428508418073,0.02742370117530648,0.8114659141379997,0.01188155811431969,0.5675854903969274,0.04293507913345039,0.6285724044301,0.0316369816018638,0.8009325435445792,0.028561052093609197
electricity,rf,treeshap,0.0,1.0,0.0,1.0,0.0,1.0,0.0,1.0,0.0,1.0,0.0
electricity,rf,treeshap,0.01,0.937378055158821,0.005209952088318772,0.9375507050543398,0.004744491290416373,0.9431643963015987,0.004095333021050457,0.9861626185874004,0.0024310691617782498,0.9728649291097223,0.0018447782804184932
electricity,rf,treeshap,0.05,0.8470758072338949,0.006500795489055625,0.8875019431874851,0.0077225913096548035,0.853591261744044,0.00827379044962752,0.9261431475266917,0.008450084074872893,0.930117815439983,0.006718784879813722
electricity,rf,treeshap,0.1,0.8001759294060076,0.006953910973437576,0.8649394308892197,0.009429503514353592,0.7916593497470263,0.010249107090819224,0.871594102954053,0.010829905364324807,0.9033035321364196,0.0076124483437601245
electricity,rf,treeshap,0.25,0.7446945629009808,0.00506714250656177,0.8351909406952183,0.007040807524193927,0.6886787085368071,0.01000039625355344,0.7832428110934311,0.004946755323458399,0.8617923132779228,0.0038023915771083373
electricity,rf,treeshap,0.5,0.7020243110532176,0.011585445692183696,0.8097973684577282,0.01065252798985328,0.5918035259966247,0.01894314052408562,0.6853236303430863,0.016647492940568432,0.8171808289242932,0.011013376455172011
