ds,model,seed,variant,acc,auc,ece,fit_time
adult,logreg,0,clean,0.8442222222222221,0.9058741082724491,0.020475873955992003,0.34
adult,logreg,0,spur,0.728444444444444,0.692415364540209,0.20007414552910902,0.15
adult,logreg,1,clean,0.8442222222222221,0.9058741082724491,0.020475873955992003,0.23
adult,logreg,1,spur,0.728444444444444,0.692415364540209,0.20007414552910902,0.11
adult,logreg,2,clean,0.8442222222222221,0.9058741082724491,0.020475873955992003,0.22
adult,logreg,2,spur,0.728444444444444,0.692415364540209,0.20007414552910902,0.12
adult,logreg,3,clean,0.8442222222222221,0.9058741082724491,0.020475873955992003,0.23
adult,logreg,3,spur,0.728444444444444,0.692415364540209,0.20007414552910902,0.13
adult,logreg,4,clean,0.8442222222222221,0.9058741082724491,0.020475873955992003,0.23
adult,logreg,4,spur,0.728444444444444,0.692415364540209,0.20007414552910902,0.12
adult,rf,0,clean,0.846888888888888,0.9064893257645501,0.041084496042214,0.92
adult,rf,0,spur,0.758,0.80023819144074,0.072656748033553,1.2
adult,rf,1,clean,0.847333333333333,0.9057544826489851,0.041952616840971006,1.33
adult,rf,1,spur,0.7691111111111111,0.809688218267084,0.070611041070234,1.13
adult,rf,2,clean,0.846888888888888,0.9068611852607451,0.042762324976767005,1.1
adult,rf,2,spur,0.774,0.812778215683806,0.05546446384671701,1.37
adult,rf,3,clean,0.845333333333333,0.9066020626477931,0.039945512375118,1.1
adult,rf,3,spur,0.772222222222222,0.808897205423558,0.06995947130226701,1.25
adult,rf,4,clean,0.846888888888888,0.9061689993442441,0.043437191160566005,1.29
adult,rf,4,spur,0.7591111111111111,0.7966205430181951,0.083172676120389,1.25
adult,hgb,0,clean,0.864666666666666,0.923839412867371,0.023872821039419,48.1
adult,hgb,0,spur,0.7164444444444441,0.681040597200786,0.22219965155727803,9.44
adult,hgb,1,clean,0.8682222222222221,0.9235836021487571,0.010434764352519001,8.93
adult,hgb,1,spur,0.7224444444444441,0.697294844705274,0.22552840715145503,8.09
adult,hgb,2,clean,0.8642222222222221,0.9240059349146521,0.014973417580630002,21.42
adult,hgb,2,spur,0.725333333333333,0.706208742076292,0.22051355861535502,18.45
adult,hgb,3,clean,0.8655555555555551,0.9231420603957051,0.013445106896118001,7.78
adult,hgb,3,spur,0.72,0.6872477495677971,0.221408070427936,2.1
adult,hgb,4,clean,0.864666666666666,0.9217035059713451,0.018098838607982,3.63
adult,hgb,4,spur,0.726666666666666,0.701827503295334,0.22457193974083,5.23
adult,mlp,0,clean,0.848888888888888,0.9110390737293911,0.018894056274404002,5.37
adult,mlp,0,spur,0.7342222222222221,0.7317042345880991,0.211746450382574,5.33
adult,mlp,1,clean,0.8477777777777771,0.91016897284909,0.024049882377699002,4.51
adult,mlp,1,spur,0.741111111111111,0.732585198481827,0.210494776849686,4.44
adult,mlp,2,clean,0.845333333333333,0.9115986513966251,0.022917608309314,4.33
adult,mlp,2,spur,0.7317777777777771,0.725935709507123,0.217162268220143,4.32
adult,mlp,3,clean,0.8484444444444441,0.9130386630544941,0.025092920250912,4.25
adult,mlp,3,spur,0.7375555555555551,0.7370930841022441,0.21121086673379502,3.79
adult,mlp,4,clean,0.850666666666666,0.912201416166018,0.018801572608226,3.41
adult,mlp,4,spur,0.7357777777777771,0.7300443131462331,0.21589957976270002,3.67
credit_g,logreg,0,clean,0.7766666666666661,0.8263492063492061,0.06598824865112,0.03
credit_g,logreg,0,spur,0.59,0.5303174603174601,0.322932845204813,0.02
credit_g,logreg,1,clean,0.7766666666666661,0.8263492063492061,0.06598824865112,0.03
credit_g,logreg,1,spur,0.59,0.5303174603174601,0.322932845204813,0.01
credit_g,logreg,2,clean,0.7766666666666661,0.8263492063492061,0.06598824865112,0.02
credit_g,logreg,2,spur,0.59,0.5303174603174601,0.322932845204813,0.02
credit_g,logreg,3,clean,0.7766666666666661,0.8263492063492061,0.06598824865112,0.03
credit_g,logreg,3,spur,0.59,0.5303174603174601,0.322932845204813,0.02
credit_g,logreg,4,clean,0.7766666666666661,0.8263492063492061,0.06598824865112,0.02
credit_g,logreg,4,spur,0.59,0.5303174603174601,0.322932845204813,0.02
credit_g,rf,0,clean,0.7533333333333331,0.8133862433862431,0.09764555397390301,0.30000000000000004
credit_g,rf,0,spur,0.65,0.6472486772486771,0.163783155353553,0.34
credit_g,rf,1,clean,0.756666666666666,0.8328571428571421,0.06618789640738501,0.32
credit_g,rf,1,spur,0.596666666666666,0.6270370370370371,0.18458054292682902,0.33
credit_g,rf,2,clean,0.746666666666666,0.8330158730158731,0.071545293007754,0.54
credit_g,rf,2,spur,0.64,0.651798941798941,0.144769039555171,0.38
credit_g,rf,3,clean,0.736666666666666,0.8287830687830681,0.081830253702174,0.36
credit_g,rf,3,spur,0.593333333333333,0.6384656084656081,0.175782028591702,0.43
credit_g,rf,4,clean,0.756666666666666,0.827619047619047,0.070899298998811,0.39
credit_g,rf,4,spur,0.6133333333333331,0.6339682539682541,0.151258531962832,0.5
credit_g,hgb,0,clean,0.7433333333333331,0.8021164021164021,0.09417070054241601,0.52
credit_g,hgb,0,spur,0.573333333333333,0.531693121693121,0.36294172180912504,1.49
credit_g,hgb,1,clean,0.766666666666666,0.805,0.07280152381601901,0.2
credit_g,hgb,1,spur,0.563333333333333,0.503227513227513,0.36783195624345805,0.23
credit_g,hgb,2,clean,0.76,0.819682539682539,0.057482309762743,0.22
credit_g,hgb,2,spur,0.563333333333333,0.5114021164021161,0.383723063328449,0.43
credit_g,hgb,3,clean,0.766666666666666,0.805767195767195,0.06938122631280601,0.22
credit_g,hgb,3,spur,0.58,0.48608465608465606,0.364605326616156,0.33
credit_g,hgb,4,clean,0.76,0.8066666666666661,0.054179142925874,0.38
credit_g,hgb,4,spur,0.5666666666666661,0.522724867724867,0.37253017050509,1.31
credit_g,mlp,0,clean,0.79,0.8400000000000001,0.063396908780288,0.28
credit_g,mlp,0,spur,0.66,0.604444444444444,0.24463618570337,0.24
credit_g,mlp,1,clean,0.7833333333333331,0.8349206349206351,0.07508026072911,0.24
credit_g,mlp,1,spur,0.6433333333333331,0.5893650793650791,0.236404861353875,0.22
credit_g,mlp,2,clean,0.7833333333333331,0.82068783068783,0.06038693968304801,0.25
credit_g,mlp,2,spur,0.64,0.58089947089947,0.226296046005232,0.24
credit_g,mlp,3,clean,0.78,0.8115873015873011,0.050967423491275005,0.22
credit_g,mlp,3,spur,0.67,0.608677248677248,0.18012803568292002,0.21
credit_g,mlp,4,clean,0.78,0.824179894179894,0.056674352765737006,0.22
credit_g,mlp,4,spur,0.63,0.5730158730158731,0.259433329887238,0.26
bank_marketing,logreg,0,clean,0.9013333333333331,0.9095164194641591,0.026989950391095002,0.09
bank_marketing,logreg,0,spur,0.852,0.674722196176286,0.10757672771514101,0.09
bank_marketing,logreg,1,clean,0.9013333333333331,0.9095164194641591,0.026989950391095002,0.09
bank_marketing,logreg,1,spur,0.852,0.674722196176286,0.10757672771514101,0.07
bank_marketing,logreg,2,clean,0.9013333333333331,0.9095164194641591,0.026989950391095002,0.1
bank_marketing,logreg,2,spur,0.852,0.674722196176286,0.10757672771514101,0.16
bank_marketing,logreg,3,clean,0.9013333333333331,0.9095164194641591,0.026989950391095002,0.21
bank_marketing,logreg,3,spur,0.852,0.674722196176286,0.10757672771514101,0.12
bank_marketing,logreg,4,clean,0.9013333333333331,0.9095164194641591,0.026989950391095002,0.09
bank_marketing,logreg,4,spur,0.852,0.674722196176286,0.10757672771514101,0.11
bank_marketing,rf,0,clean,0.9,0.9224043736760421,0.034824414461334004,1.04
bank_marketing,rf,0,spur,0.8517777777777771,0.8329220733245181,0.061735576554330006,1.05
bank_marketing,rf,1,clean,0.898222222222222,0.9222828614128711,0.035473656740082,1.07
bank_marketing,rf,1,spur,0.856666666666666,0.8404065589832,0.060274252805650005,1.17
bank_marketing,rf,2,clean,0.8986666666666661,0.924053878728847,0.038468859357001006,1.05
bank_marketing,rf,2,spur,0.8504444444444441,0.8389154025883061,0.064549232798861,1.11
bank_marketing,rf,3,clean,0.8993333333333331,0.921385392886461,0.036060347954071,1.22
bank_marketing,rf,3,spur,0.850666666666666,0.843297976772978,0.065448975278228,0.9400000000000001
bank_marketing,rf,4,clean,0.8988888888888881,0.923086564570851,0.034932200163996,0.96
bank_marketing,rf,4,spur,0.850888888888888,0.8396325162989081,0.06716934343278301,1.15
bank_marketing,hgb,0,clean,0.9053333333333331,0.9272916543081361,0.019931942803259002,1.7000000000000002
bank_marketing,hgb,0,spur,0.8593333333333331,0.6721436485444361,0.11524263403666,2.42
bank_marketing,hgb,1,clean,0.9095555555555551,0.9288770544661971,0.015314909415742001,0.89
bank_marketing,hgb,1,spur,0.858,0.654420080332044,0.11509994694356201,0.84
bank_marketing,hgb,2,clean,0.908444444444444,0.9308190979006121,0.017368726678517,0.81
bank_marketing,hgb,2,spur,0.8595555555555551,0.6433521788966681,0.111502677010737,1.29
bank_marketing,hgb,3,clean,0.908,0.9324745828876281,0.017042172294544,1.16
bank_marketing,hgb,3,spur,0.858,0.6576545071481741,0.11355665118706801,0.79
bank_marketing,hgb,4,clean,0.9108888888888881,0.9314077626243581,0.015866974255081,1.23
bank_marketing,hgb,4,spur,0.8582222222222221,0.6523242329897181,0.11097495065465601,1.0
bank_marketing,mlp,0,clean,0.906222222222222,0.9247819955183981,0.007224982818752001,3.49
bank_marketing,mlp,0,spur,0.8577777777777771,0.7424040483676211,0.110831708025417,5.1
bank_marketing,mlp,1,clean,0.9037777777777771,0.9248437084394571,0.012625324640344,5.2
bank_marketing,mlp,1,spur,0.859111111111111,0.730252343655815,0.110098768156782,4.51
bank_marketing,mlp,2,clean,0.908444444444444,0.927916437834517,0.007757064444597001,5.47
bank_marketing,mlp,2,spur,0.857111111111111,0.740727274814813,0.11115230841700001,7.16
bank_marketing,mlp,3,clean,0.905777777777777,0.9260435224395831,0.015215759806404001,15.47
bank_marketing,mlp,3,spur,0.861111111111111,0.726540478892267,0.10884649896248001,9.27
bank_marketing,mlp,4,clean,0.9075555555555551,0.9270242316502131,0.010182104071474001,6.41
bank_marketing,mlp,4,spur,0.8593333333333331,0.7487131181577591,0.11153373195285,4.9
ccdefault,logreg,0,clean,0.8091111111111111,0.7127527795898171,0.048912326753035,0.06
ccdefault,logreg,0,spur,0.6788888888888881,0.548126939978064,0.24688745735844303,0.05
ccdefault,logreg,1,clean,0.8091111111111111,0.7127527795898171,0.048912326753035,0.06
ccdefault,logreg,1,spur,0.6788888888888881,0.548126939978064,0.24688745735844303,0.05
ccdefault,logreg,2,clean,0.8091111111111111,0.7127527795898171,0.048912326753035,0.07
ccdefault,logreg,2,spur,0.6788888888888881,0.548126939978064,0.24688745735844303,0.06
ccdefault,logreg,3,clean,0.8091111111111111,0.7127527795898171,0.048912326753035,0.07
ccdefault,logreg,3,spur,0.6788888888888881,0.548126939978064,0.24688745735844303,0.05
ccdefault,logreg,4,clean,0.8091111111111111,0.7127527795898171,0.048912326753035,0.06
ccdefault,logreg,4,spur,0.6788888888888881,0.548126939978064,0.24688745735844303,0.05
ccdefault,rf,0,clean,0.8164444444444441,0.779224940680578,0.01480389041751,2.04
ccdefault,rf,0,spur,0.6842222222222221,0.6627687653674931,0.19595360360758102,2.17
ccdefault,rf,1,clean,0.8166666666666661,0.77796643703539,0.012378180204682001,2.06
ccdefault,rf,1,spur,0.6882222222222221,0.6652384604907561,0.18785078928772603,2.59
ccdefault,rf,2,clean,0.815555555555555,0.779966021261801,0.015170675889952,2.09
ccdefault,rf,2,spur,0.691555555555555,0.6657336611731981,0.18227851675016302,2.41
ccdefault,rf,3,clean,0.8166666666666661,0.779184940393838,0.014833353079112,1.96
ccdefault,rf,3,spur,0.687555555555555,0.663661388253679,0.19184130114973802,2.5700000000000003
ccdefault,rf,4,clean,0.8180000000000001,0.7796997827941411,0.013859053735852,1.75
ccdefault,rf,4,spur,0.6846666666666661,0.6625898393536871,0.197083774811969,2.4
ccdefault,hgb,0,clean,0.813777777777777,0.7718194395658751,0.018907402192916003,1.8399999999999999
ccdefault,hgb,0,spur,0.6908888888888881,0.578757697187793,0.24827570245193803,2.39
ccdefault,hgb,1,clean,0.813777777777777,0.7726329220998001,0.016786148785577,2.38
ccdefault,hgb,1,spur,0.6902222222222221,0.570265736671947,0.24836336813423202,5.28
ccdefault,hgb,2,clean,0.8144444444444441,0.7754028344289201,0.022331289540662002,1.04
ccdefault,hgb,2,spur,0.6900000000000001,0.562626828866156,0.25204721193385704,2.51
ccdefault,hgb,3,clean,0.815111111111111,0.7700172761095061,0.012733283304596001,0.75
ccdefault,hgb,3,spur,0.689555555555555,0.572333278374755,0.24632308517812201,0.9500000000000001
ccdefault,hgb,4,clean,0.8184444444444441,0.7730691976286561,0.014676868132915001,2.92
ccdefault,hgb,4,spur,0.6908888888888881,0.567093527552168,0.249277764201416,4.36
ccdefault,mlp,0,clean,0.8164444444444441,0.7628070452117931,0.021655929100771,3.23
ccdefault,mlp,0,spur,0.683111111111111,0.5565906565638461,0.24593123749895301,3.7199999999999998
ccdefault,mlp,1,clean,0.8184444444444441,0.764940967318762,0.028819285149142,3.33
ccdefault,mlp,1,spur,0.679777777777777,0.555073513071778,0.24876237361750403,3.49
ccdefault,mlp,2,clean,0.815111111111111,0.7635826780120281,0.018867580691682,3.81
ccdefault,mlp,2,spur,0.682,0.5497126144273431,0.246957118323597,3.98
ccdefault,mlp,3,clean,0.817333333333333,0.7651239076982631,0.020574454336497003,3.85
ccdefault,mlp,3,spur,0.679555555555555,0.5511792916078251,0.250733684218573,4.12
ccdefault,mlp,4,clean,0.815555555555555,0.75943813217299,0.018405405868954002,5.34
ccdefault,mlp,4,spur,0.6822222222222221,0.5566485781260081,0.24547130845408402,8.74
electricity,logreg,0,clean,0.7635555555555551,0.8247421617578681,0.02125840750934,0.04
electricity,logreg,0,spur,0.585333333333333,0.6037037336513771,0.322042464883022,0.06
electricity,logreg,1,clean,0.7635555555555551,0.8247421617578681,0.02125840750934,0.05
electricity,logreg,1,spur,0.585333333333333,0.6037037336513771,0.322042464883022,0.07
electricity,logreg,2,clean,0.7635555555555551,0.8247421617578681,0.02125840750934,0.04
electricity,logreg,2,spur,0.585333333333333,0.6037037336513771,0.322042464883022,0.06
electricity,logreg,3,clean,0.7635555555555551,0.8247421617578681,0.02125840750934,0.03
electricity,logreg,3,spur,0.585333333333333,0.6037037336513771,0.322042464883022,0.05
electricity,logreg,4,clean,0.7635555555555551,0.8247421617578681,0.02125840750934,0.05
electricity,logreg,4,spur,0.585333333333333,0.6037037336513771,0.322042464883022,0.06
electricity,rf,0,clean,0.817333333333333,0.899168772362489,0.05388143998059,2.55
electricity,rf,0,spur,0.5882222222222221,0.694911762922234,0.258803072009245,2.21
electricity,rf,1,clean,0.8188888888888881,0.8999114597020351,0.054504247820454,1.43
electricity,rf,1,spur,0.581333333333333,0.6958444682528451,0.256001103823472,2.43
electricity,rf,2,clean,0.819555555555555,0.9004366370858511,0.06005798505544101,2.09
electricity,rf,2,spur,0.589555555555555,0.7000422486809921,0.24974508941126003,2.77
electricity,rf,3,clean,0.8208888888888881,0.8988356344377281,0.055117167899346,2.33
electricity,rf,3,spur,0.5877777777777771,0.6974992419495031,0.25008711556781504,2.02
electricity,rf,4,clean,0.821777777777777,0.8989239725888941,0.056466548408376005,1.81
electricity,rf,4,spur,0.583555555555555,0.695061149406699,0.25264560611556003,1.45
electricity,hgb,0,clean,0.8735555555555551,0.9446649416806481,0.016815060495222002,4.95
electricity,hgb,0,spur,0.616666666666666,0.626903212112636,0.309589072975246,1.23
electricity,hgb,1,clean,0.876888888888888,0.944643109826356,0.017795106887767,3.68
electricity,hgb,1,spur,0.6217777777777771,0.632372900200125,0.30436992708195204,1.03
electricity,hgb,2,clean,0.878888888888888,0.9452442944065981,0.017689811890197003,3.81
electricity,hgb,2,spur,0.6275555555555551,0.6524425397723821,0.29910857388996404,1.62
electricity,hgb,3,clean,0.872888888888888,0.941387737775172,0.013658225808169002,2.19
electricity,hgb,3,spur,0.626,0.655267743435282,0.30815695243336505,1.97
electricity,hgb,4,clean,0.874444444444444,0.9426432715437951,0.020948475103711003,2.21
electricity,hgb,4,spur,0.6217777777777771,0.638484000080858,0.304418351327478,1.47
electricity,mlp,0,clean,0.79,0.863678465301502,0.022833652490252,2.62
electricity,mlp,0,spur,0.595333333333333,0.6205077927591011,0.317364017540957,3.13
electricity,mlp,1,clean,0.7891111111111111,0.865312013584264,0.020418798238721003,2.55
electricity,mlp,1,spur,0.594666666666666,0.620663243647536,0.317322748275882,2.61
electricity,mlp,2,clean,0.787555555555555,0.8629915704784811,0.024692049912439003,2.62
electricity,mlp,2,spur,0.595333333333333,0.6198261537528551,0.318683626110633,3.33
electricity,mlp,3,clean,0.7886666666666661,0.8657632052396451,0.024171530750805,3.95
electricity,mlp,3,spur,0.5915555555555551,0.6163045543673811,0.32572730896497304,4.4
electricity,mlp,4,clean,0.792222222222222,0.8645541652347931,0.022430289074992,3.55
electricity,mlp,4,spur,0.5917777777777771,0.617998746689846,0.327033202991867,3.55
